Tabby,Andri,tandri0@addtoany.com,235.166.87.87,7479 Donald Road,Coutada,-8.3307313,40.0869028
Carol,Sergant,csergant1@telegraph.co.uk,120.227.151.72,0 Debs Point,Dongshan,117.430061,23.701262
Dode,Marlow,dmarlow2@blinklist.com,144.253.120.57,99575 Nobel Center,Gilowice,19.2911275,49.7053824
Greta,Borsay,gborsay3@europa.eu,127.59.153.5,586 Heffernan Street,Puricay,121.9252429,11.9647609
Duncan,Endrizzi,dendrizzi4@mtv.com,195.55.173.243,384 Manitowish Terrace,ChavĂŁes,-7.5686677,41.0882428
Katharyn,Jandel,kjandel5@pen.io,150.119.229.217,3881 Moose Way,Pancas,-40.8538285,-19.2234241
Calypso,Lashbrook,clashbrook6@quantcast.com,175.60.63.72,1989 Grover Point,Gaoqiao,108.249509,31.364902
Maribeth,Edbrooke,medbrooke7@studiopress.com,127.42.104.244,27326 Continental Alley,ValenĂ§a do PiauĂ­,-41.8004409,-6.3783847
Vonny,Matschuk,vmatschuk8@ed.gov,193.173.185.234,0726 Knutson Alley,Fangcun,113.228291,23.101153
Celie,McMenemy,cmcmenemy9@wikispaces.com,78.7.93.114,47023 Porter Crossing,San Gabriel,-77.8281514,0.5948949
Bobbe,Branscomb,bbranscomba@hao123.com,156.231.206.98,5569 East Drive,NakanojĹŤmachi,138.8434833,36.5888732
Starlene,Paskins,spaskinsb@1und1.de,168.134.224.190,0667 Meadow Vale Park,AbĹ« Sunbul,31.602771,22.3744371
Jewel,Bentley,jbentleyc@princeton.edu,156.99.250.181,43 Shoshone Plaza,â€Ä€bĹ«d,35.068807,32.016539
Lemmy,McAlinion,lmcaliniond@marketwatch.com,237.106.68.198,413 Redwing Road,Heshui,108.019549,35.819227
Jade,Waterworth,jwaterworthe@arizona.edu,71.28.136.177,55610 Arrowood Center,IerĂˇpetra,25.7407452,35.0118955
Phylis,Stickler,psticklerf@samsung.com,180.4.66.241,817 Buena Vista Junction,Jinxiang,116.311532,35.066619
Joshua,Beecraft,jbeecraftg@netlog.com,169.62.234.75,854 Grasskamp Drive,Volary,13.8865743,48.9088164
Junette,Frazier,jfrazierh@gizmodo.com,80.149.159.159,232 Caliangt Junction,Hamburg,10.1569956,53.4460678
Clifford,Ambrogioni,cambrogionii@pcworld.com,56.7.151.160,7070 Scott Pass,SkĂ¶vde,13.7982616,58.4005878
Mirilla,Fallis,mfallisj@nasa.gov,215.146.106.49,960 Green Ridge Place,ChavĂŁo,-8.5893138,41.4472964
Abbot,Bernadzki,abernadzkik@archive.org,162.142.160.219,9 Northview Street,Lebak Timur,112.7795375,-7.2457322
Lucius,Callister,lcallisterl@netvibes.com,136.53.9.34,96 Melrose Center,JĂ¶nkĂ¶ping,14.1619341,57.778556
Neddie,Giottoi,ngiottoim@umich.edu,243.83.51.121,63310 Shoshone Lane,Anju,105.456342,30.355379
Terri,Vanyakin,tvanyakinn@webeden.co.uk,201.28.53.8,33737 Boyd Circle,Pengbu,117.389719,32.916287
Virgie,Priter,vpritero@myspace.com,46.105.1.107,03 Alpine Park,La Quebrada,-70.5778068,9.1539482
Grannie,Melling,gmellingp@cdc.gov,73.192.8.61,64 Lake View Alley,Carhuac,-77.6929792,-9.2623446
Phyllys,Mongain,pmongainq@aboutads.info,62.104.218.84,11 Brickson Park Court,Sydney,151.2502275,-33.7974423
Gearard,Barck,gbarckr@angelfire.com,204.22.254.63,435 Green Way,Al ‘Āliyah,10.03478,37.1691
Jed,Gypps,jgyppss@woothemes.com,72.154.23.210,601 Crowley Road,Al Ya‘rubīyah,42.0629842,36.8100183
Lissie,Maxwell,lmaxwellt@friendfeed.com,161.232.68.89,39 Autumn Leaf Center,Buenaventura,-77.2864879,3.2572094
Cooper,Leinthall,cleinthallu@marriott.com,73.138.213.244,9 Vahlen Park,Burevestnik,43.7911745,56.1465144
Thorny,Gidley,tgidleyv@patch.com,49.1.109.155,1983 Dwight Point,Pantaihambawang,115.328206,-2.6488408
Chere,Meere,cmeerew@vistaprint.com,202.172.172.10,9867 Stephen Crossing,SĂŁo JosĂ©,-48.6370861,-27.6140791
Saw,Vasilyonok,svasilyonokx@wikipedia.org,61.138.141.162,96 Transport Crossing,Batakte,123.5532073,-10.2530955
Gabby,Ghilardi,gghilardiy@google.co.uk,150.162.255.53,761 Bellgrove Pass,Fengyan,117.531622,32.874735
Cornall,Skone,cskonez@rakuten.co.jp,16.214.233.83,06 Susan Center,Esposende,-8.765802,41.5320313
Melisande,Minchella,mminchella10@deviantart.com,252.9.109.53,940 Dawn Point,KoufĂˇlia,22.5735489,40.7822677
Staford,Ingon,singon11@stumbleupon.com,227.152.182.146,9367 Delaware Parkway,Rumenka,19.7556505,45.3125176
Ralph,Esposito,resposito12@google.cn,215.249.80.120,98780 Claremont Avenue,Zall-DardhĂ«,20.3353497,41.8061049
Vonni,Mattedi,vmattedi13@scribd.com,242.174.16.133,988 Helena Park,CiĂ©naga de Oro,-75.632447,8.8105088
Shelia,Walklott,swalklott14@uiuc.edu,82.24.199.6,40963 Mendota Parkway,Nangang,126.668787,45.75997
Linea,Wathall,lwathall15@facebook.com,204.31.64.36,6062 Troy Crossing,Sedan,4.9404055,49.7052493
Sapphire,Chelley,schelley16@bloglines.com,62.219.17.109,637 Tony Court,Murom,42.0791342,55.5376879
Kalvin,Shawel,kshawel17@nsw.gov.au,11.13.11.208,38066 Clarendon Crossing,Tangba,104.2268717,23.3794116
Joyan,Cokly,jcokly18@nytimes.com,63.237.89.104,6 Lien Place,Ngilengan,111.633,-6.7228
Olympia,Gluyus,ogluyus19@jugem.jp,98.191.17.253,3 Roxbury Alley,KompĂłti,21.0837161,39.1020713
Maurice,Feaster,mfeaster1a@nasa.gov,191.58.214.192,4041 Bunker Hill Lane,Fukushima-shi,135.487633,34.6951012
Tommy,Styan,tstyan1b@icq.com,104.2.166.230,029 Hauk Trail,MilanĂłwek,20.6599934,52.130314
Cariotta,Bickerstasse,cbickerstasse1c@cbslocal.com,179.21.20.145,04956 Fordem Park,RokiĹˇkis,25.5895781,55.9522407
Mitchael,Trimming,mtrimming1d@harvard.edu,39.159.98.115,6 Little Fleur Alley,Xin’an,112.132488,34.728584
Aharon,Linn,alinn1e@oaic.gov.au,22.26.114.95,3 Heffernan Lane,Yongfa,116.700277,23.364295
Rakel,Roobottom,rroobottom1f@mozilla.com,138.21.5.250,9 Drewry Street,Bluefields,-83.7703693,12.0111402
Emmie,Hebborn,ehebborn1g@youtu.be,203.1.45.117,42493 7th Park,Tudela,123.8545713,8.235581
Nils,Denge,ndenge1h@github.io,225.81.137.53,03654 Shoshone Drive,Roi Et,103.5899733,16.0501738
Krystle,Staig,kstaig1i@washington.edu,194.30.183.108,340 Surrey Plaza,Palmito,-75.540823,9.333659
Linnet,Crichten,lcrichten1j@cornell.edu,54.171.102.136,653 Mallard Parkway,Takahama,131.2959142,31.9428516
Ave,Shorten,ashorten1k@usda.gov,185.179.2.73,8 Gulseth Parkway,Kalahang,106.1831224,-6.3077304
Marcy,Scarlon,mscarlon1l@nps.gov,8.30.123.240,04933 Wayridge Circle,Ninghai,121.429477,29.287939
Joete,Cordie,jcordie1m@cnn.com,153.133.149.72,3 John Wall Way,Kimje,126.8808872,35.8036079
Brigid,Dungee,bdungee1n@ucsd.edu,147.86.143.187,8 Maple Junction,Notodden,9.2442028,59.5785947
Allen,Banister,abanister1o@dyndns.org,186.38.148.91,8342 5th Plaza,Mora,14.1407948,11.0465171
Julietta,Beran,jberan1p@mapquest.com,152.81.34.17,86 Chive Place,Slovenska Bistrica,15.5727869,46.3919813
Maure,Dow,mdow1q@apple.com,230.152.38.13,9 Oakridge Terrace,Muladbucad,123.6050105,13.2409168
Tildy,Ascrofte,tascrofte1r@home.pl,255.102.193.54,282 Mosinee Center,Taiping,-6.2634596,53.3004898
Dalis,Bautiste,dbautiste1s@comsenz.com,42.120.125.123,0189 Nancy Parkway,Mporokoso,30.1242853,-9.3790072
Vita,Brass,vbrass1t@ucoz.ru,139.156.75.32,8 Scoville Hill,Aelande,121.7252,-8.59565
Saidee,Nolan,snolan1u@cocolog-nifty.com,204.101.118.196,12 Sunnyside Parkway,Batiano,122.4801854,10.6934511
Minni,Rawdall,mrawdall1v@techcrunch.com,248.101.104.138,2914 Wayridge Plaza,Falun,15.6197152,60.6132796
Melodie,Meijer,mmeijer1w@mlb.com,161.174.59.77,7 Hallows Drive,La Huerta,-99.2304004,19.4840721
Reeta,Cattenach,rcattenach1x@japanpost.jp,2.92.21.241,519 Cody Crossing,Jinanten,111.5736596,-6.8744345
Silvester,Gurrado,sgurrado1y@xing.com,251.218.226.252,6406 Tony Junction,SinĹ­iju,124.4489192,40.0823213
Dix,Whitloe,dwhitloe1z@biblegateway.com,131.172.148.163,7415 Towne Point,Oslo,10.7798142,59.843765
Dory,Bleythin,dbleythin20@hhs.gov,123.86.139.218,8938 Manitowish Junction,Kuznetsovs’k,25.8490867,51.3436553
Rogers,Odde,rodde21@noaa.gov,217.66.185.38,2090 Fieldstone Lane,Pho Thong,100.3722477,14.6823992
Valle,Raccio,vraccio22@sciencedaily.com,38.209.243.193,4678 Kinsman Lane,WojaszĂłwka,21.7112659,49.7774163
Libbey,Vater,lvater23@eepurl.com,154.8.228.171,5 Jay Crossing,Morawica,19.7530653,50.0751139
Rosabella,Bruyntjes,rbruyntjes24@goo.gl,226.237.101.166,3923 Judy Court,Boundiali,-6.482318,9.5183617
Remington,Guerrazzi,rguerrazzi25@howstuffworks.com,229.69.41.10,8030 Ryan Street,Wangda,120.0531443,28.9141178
Lacie,Twede,ltwede26@baidu.com,55.243.120.130,10507 Goodland Trail,Kokop,113.0607675,-6.9794957
Benita,Braybrook,bbraybrook27@yelp.com,235.30.154.185,6 Michigan Lane,Xishanzui,108.893327,40.634244
Tressa,Litt,tlitt28@digg.com,76.23.92.18,5 Lerdahl Avenue,Shangjin,112.673519,29.841047
Alessandra,Khadir,akhadir29@tripadvisor.com,173.230.148.211,62545 Bellgrove Crossing,Zemlyansk,38.7334,51.9041
Che,Kyteley,ckyteley2a@go.com,70.130.229.105,0 Ramsey Lane,Yuracyacu,-77.2261452,-5.9317384
Ted,Torri,ttorri2b@upenn.edu,10.49.82.56,0 Northland Pass,Huaguo,120.166448,30.271087
Corissa,Wanklin,cwanklin2c@g.co,245.180.32.90,973 Crest Line Pass,Chengshan,122.552273,37.363389
Tiler,Eagling,teagling2d@go.com,155.179.18.60,773 Ridge Oak Center,Manassas,-81.6621917,27.6112399
Vanni,De Bruijne,vdebruijne2e@telegraph.co.uk,87.220.252.248,13 Badeau Trail,Jalālpur,74.2751428,32.7436286
Cedric,Lamborn,clamborn2f@i2i.jp,179.33.14.47,1 4th Street,El Alamo,-97.6738023,20.9064323
Juliane,Drivers,jdrivers2g@fastcompany.com,191.159.47.226,91 Mitchell Alley,Shal’skiy,36.00234,61.7975376
Benni,Dobbyn,bdobbyn2h@godaddy.com,124.101.40.175,865 Hansons Junction,Paris 18,5.8978018,43.4945737
Lurette,Pozzo,lpozzo2i@tiny.cc,125.141.117.199,45 Browning Lane,Mankoeng,29.2362124,-25.0455177
Tadeas,Vignaux,tvignaux2j@wikispaces.com,51.129.123.174,70 Lindbergh Alley,Jinping,116.70345,23.365556
Bren,Schusterl,bschusterl2k@slideshare.net,43.254.55.223,88 Maryland Circle,Biharamulo,31.3141291,-2.6343036
Corbie,Radmer,cradmer2l@yolasite.com,90.69.181.221,1870 Bay Street,Benevides,-48.2592606,-1.3524989
Aland,Anglish,aanglish2m@latimes.com,135.94.79.177,57 Fieldstone Street,PĂ­seÄŤnĂˇ,17.2529709,50.2689038
Carlyn,Ellerker,cellerker2n@scientificamerican.com,253.127.226.55,6 Duke Plaza,Botucatu,-48.4412549,-22.8841363
Whittaker,Gumb,wgumb2o@wp.com,72.135.253.198,60 Corben Plaza,Hongwansi,99.617119,38.838392
Sarah,Catton,scatton2p@bloglovin.com,125.219.212.36,77191 Dahle Point,Pancas,-40.8538285,-19.2234241
Abbye,Cranmore,acranmore2q@networkadvertising.org,176.34.25.212,6874 Eagan Point,Ladner,-123.08241,49.08938
Cynthie,Magarrell,cmagarrell2r@webs.com,57.222.104.36,034 Corscot Avenue,Tsibulev,29.8488529,49.0711781
